gstin,returnperiod,R1filingdate,cash_cgst,cash_sgst,cash_igst,turnover,7,regstatus,ABC,Ward.
1,52021,10-07-2021,26067,25267,0,24067,CENTER,A,M,1
1,62021,20-07-2021,14924,14124,0,12924,CENTER,A,M,1
1,42021,10-07-2021,29776,28976,0,27776,CENTER,A,M,1
10,62021,09-07-2021,0,0,0,0,STATE,A,Q,1
100,62021,12-07-2021,0,0,0,0,STATE,A,Q,3
101,52021,14-07-2021,0,0,0,0,STATE,A,M,3
101,62021,14-07-2021,0,0,0,0,STATE,A,M,3
101,42021,09-06-2021,0,0,0,0,STATE,A,M,3
102,62021,13-07-2021,0,0,0,0,STATE,A,Q,3
103,62021,15-07-2021,0,0,0,0,CENTER,A,M,3
103,52021,15-07-2021,0,0,0,0,CENTER,A,M,3
103,42021,21-06-2021,0,0,0,0,CENTER,A,M,3
104,62021,15-07-2021,0,0,0,0,CENTER,A,Q,3
105,62021,12-07-2021,0,0,0,0,CENTER,A,Q,3
106,72021,10-08-2021,NA,NA,NA,NA,STATE,A,Q,3
106,62021,13-07-2021,0,0,0,0,STATE,A,Q,3
107,62021,24-07-2021,0,0,0,0,CENTER,A,Q,3
108,62021,12-07-2021,8367,7567,0,6367,STATE,A,Q,3
109,42021,,0,0,0,0,CENTER,A,M,3
109,62021,12-07-2021,0,0,0,0,CENTER,A,M,3
109,52021,19-06-2021,0,0,0,0,CENTER,A,M,3
109,72021,,NA,NA,NA,NA,CENTER,A,M,3
11,42021,,0,0,0,0,CENTER,A,M,1
11,52021,15-06-2021,18306,17506,0,16306,CENTER,A,M,1
11,62021,07-07-2021,18306,17506,0,16306,CENTER,A,M,1
11,72021,07-08-2021,NA,NA,NA,NA,CENTER,A,M,1
110,52021,16-07-2021,0,0,0,0,STATE,A,M,3
110,62021,19-07-2021,0,0,0,0,STATE,A,M,3
110,42021,16-07-2021,0,0,0,0,STATE,A,M,3
111,52021,30-07-2021,0,0,0,0,CENTER,A,M,3
111,62021,30-07-2021,NA,NA,NA,NA,CENTER,A,M,3
111,42021,16-07-2021,0,0,143901,0,CENTER,A,M,3
112,62021,13-07-2021,0,0,0,0,STATE,A,Q,3
113,62021,09-07-2021,0,0,0,0,STATE,A,Q,3
114,52021,,51756,50956,0,49756,STATE,A,M,3
114,62021,27-07-2021,9333,8533,0,7333,STATE,A,M,3
114,42021,24-05-2021,0,0,0,0,STATE,A,M,3
115,52021,02-07-2021,0,0,0,0,STATE,A,M,3
115,42021,24-05-2021,0,0,18900,0,STATE,A,M,3
115,62021,11-07-2021,0,0,13500,0,STATE,A,M,3
116,62021,10-07-2021,0,0,0,0,STATE,A,Q,3
117,62021,06-07-2021,0,0,38460,0,STATE,A,Q,3
118,52021,14-06-2021,NA,NA,NA,NA,STATE,A,Q,3
118,62021,10-07-2021,0,0,0,0,STATE,A,Q,3
119,52021,14-06-2021,NA,NA,NA,NA,STATE,A,Q,3
119,62021,12-07-2021,188331,187531,0,186331,STATE,A,Q,3
12,62021,13-07-2021,0,0,0,0,STATE,A,Q,1
120,72021,10-08-2021,NA,NA,NA,NA,CENTER,A,M,3
120,42021,06-05-2021,0,0,0,0,CENTER,A,M,3
120,52021,14-06-2021,0,0,0,0,CENTER,A,M,3
120,62021,20-07-2021,173775,172975,1350000,171775,CENTER,A,M,3
121,52021,25-06-2021,NA,NA,NA,NA,CENTER,A,Q,3
121,62021,13-07-2021,0,0,0,0,CENTER,A,Q,3
122,62021,10-07-2021,0,0,0,0,CENTER,A,Q,3
123,42021,,0,0,0,0,STATE,A,M,3
123,62021,10-07-2021,1983,1183,0,0,STATE,A,M,3
123,52021,,0,0,0,0,STATE,A,M,3
124,42021,11-06-2021,268166,267366,1217441,266166,STATE,A,M,3
124,52021,20-06-2021,0,0,0,0,STATE,A,M,3
124,62021,11-07-2021,914695,913895,640272,912695,STATE,A,M,3
125,62021,12-07-2021,0,0,0,0,STATE,A,Q,3
125,42021,12-07-2021,NA,NA,NA,NA,STATE,A,Q,3
126,52021,,0,0,0,0,STATE,A,M,3
126,42021,27-05-2021,0,0,0,0,STATE,A,M,3
126,62021,10-07-2021,0,0,0,0,STATE,A,M,3
127,62021,12-07-2021,0,0,0,0,STATE,A,Q,3
128,42021,13-07-2021,0,0,0,0,CENTER,A,Q,3
129,62021,08-07-2021,0,0,0,0,CENTER,A,M,3
129,42021,07-05-2021,0,0,0,0,CENTER,A,M,3
129,52021,24-06-2021,0,0,0,0,CENTER,A,M,3
13,52021,17-06-2021,95098,94298,0,93098,STATE,A,M,1
13,72021,10-08-2021,NA,NA,NA,NA,STATE,A,M,1
13,42021,09-06-2021,0,0,0,0,STATE,A,M,1
13,62021,05-07-2021,10077,9277,0,8077,STATE,A,M,1
130,62021,13-07-2021,0,0,10800,0,STATE,A,Q,3
130,52021,28-06-2021,NA,NA,NA,NA,STATE,A,Q,3
130,72021,10-08-2021,NA,NA,NA,NA,STATE,A,Q,3
131,62021,12-07-2021,0,0,0,0,STATE,A,Q,3
132,52021,09-06-2021,0,0,0,0,STATE,A,M,3
132,42021,10-05-2021,0,0,0,0,STATE,A,M,3
132,62021,08-07-2021,0,0,0,0,STATE,A,M,3
133,62021,14-07-2021,0,0,0,0,CENTER,A,Q,3
134,42021,31-05-2021,0,0,0,0,STATE,A,M,3
134,62021,24-07-2021,0,0,0,0,STATE,A,M,3
134,52021,19-06-2021,0,0,0,0,STATE,A,M,3
135,62021,03-07-2021,0,0,0,0,STATE,A,Q,3
136,62021,10-07-2021,0,0,0,0,CENTER,A,M,3
136,42021,,0,0,0,0,CENTER,A,M,3
136,52021,26-06-2021,0,0,0,0,CENTER,A,M,3
137,62021,20-07-2021,39885,39085,18111,37885,STATE,A,Q,3
138,62021,12-07-2021,0,0,0,0,CENTER,A,Q,3
139,42021,,0,0,2174,0,CENTER,A,M,3
139,52021,26-06-2021,2444,1644,25333,444,CENTER,A,M,3
139,62021,10-07-2021,0,0,70941,0,CENTER,A,M,3
14,42021,05-05-2021,0,0,0,0,STATE,A,M,1
14,72021,05-08-2021,NA,NA,NA,NA,STATE,A,M,1
14,52021,04-06-2021,0,0,0,0,STATE,A,M,1
14,62021,08-07-2021,0,0,0,0,STATE,A,M,1
140,62021,02-07-2021,0,0,0,0,CENTER,A,Q,3
141,62021,26-07-2021,0,0,0,0,CENTER,A,Q,3
142,42021,14-07-2021,0,0,0,0,STATE,A,M,3
142,52021,14-07-2021,0,0,0,0,STATE,A,M,3
142,62021,14-07-2021,0,0,0,0,STATE,A,M,3
143,62021,14-07-2021,0,0,0,0,STATE,A,Q,3
144,42021,17-06-2021,0,0,0,0,STATE,A,M,3
144,62021,11-07-2021,0,0,0,0,STATE,A,M,3
144,52021,18-06-2021,0,0,0,0,STATE,A,M,3
145,62021,13-07-2021,0,0,0,0,STATE,A,Q,3
146,62021,13-07-2021,0,0,0,0,STATE,A,Q,3
147,72021,05-08-2021,NA,NA,NA,NA,STATE,A,Q,3
147,62021,09-07-2021,0,0,0,0,STATE,A,Q,3
148,62021,13-07-2021,37548,36748,0,35548,STATE,A,Q,3
149,62021,23-07-2021,0,0,61474,0,STATE,A,Q,3
15,62021,03-08-2021,0,0,0,0,STATE,A,Q,1
150,62021,09-07-2021,0,0,0,0,CENTER,A,Q,3
151,62021,13-07-2021,0,0,0,0,CENTER,A,M,3
151,52021,25-06-2021,0,0,0,0,CENTER,A,M,3
151,42021,,0,0,0,0,CENTER,A,M,3
152,62021,21-07-2021,0,0,0,0,CENTER,A,Q,3
153,62021,01-07-2021,0,0,0,0,CENTER,A,Q,3
154,52021,17-06-2021,0,0,0,0,CENTER,A,M,3
154,62021,09-07-2021,0,0,0,0,CENTER,A,M,3
154,72021,10-08-2021,NA,NA,NA,NA,CENTER,A,M,3
154,42021,17-06-2021,0,0,0,0,CENTER,A,M,3
155,62021,08-07-2021,0,0,0,0,STATE,A,Q,3
156,52021,25-06-2021,2397,1597,0,397,STATE,A,M,3
156,42021,,4250,3450,0,2250,STATE,A,M,3
156,62021,10-07-2021,13329,12529,0,11329,STATE,A,M,3
157,62021,06-07-2021,0,0,0,0,STATE,A,M,3
157,42021,04-05-2021,0,0,0,0,STATE,A,M,3
157,72021,04-08-2021,NA,NA,NA,NA,STATE,A,M,3
157,52021,08-06-2021,0,0,0,0,STATE,A,M,3
158,52021,24-06-2021,0,0,0,0,STATE,A,M,3
158,62021,07-07-2021,0,0,1125,0,STATE,A,M,3
158,42021,11-06-2021,0,0,2930,0,STATE,A,M,3
158,72021,06-08-2021,NA,NA,NA,NA,STATE,A,M,3
159,42021,26-05-2021,0,0,27176,0,STATE,A,M,3
159,52021,25-06-2021,0,0,29958,0,STATE,A,M,3
159,62021,11-07-2021,0,0,500648,0,STATE,A,M,3
16,42021,25-05-2021,255,0,867512,0,CENTER,A,M,1
16,52021,19-06-2021,22470,21670,53424,20470,CENTER,A,M,1
16,62021,11-07-2021,0,0,359119,0,CENTER,A,M,1
160,62021,12-07-2021,0,0,0,0,CENTER,A,Q,3
161,62021,10-07-2021,0,0,0,0,STATE,A,M,3
161,52021,10-07-2021,0,0,0,0,STATE,A,M,3
161,42021,10-07-2021,0,0,0,0,STATE,A,M,3
162,62021,01-07-2021,0,0,0,0,CENTER,A,M,3
162,42021,01-07-2021,0,0,0,0,CENTER,A,M,3
162,52021,01-07-2021,0,0,0,0,CENTER,A,M,3
163,62021,16-07-2021,15060,14260,0,13060,STATE,A,Q,3
164,62021,10-07-2021,0,0,0,0,STATE,A,M,3
164,42021,,0,0,0,0,STATE,A,M,3
164,52021,12-06-2021,0,0,0,0,STATE,A,M,3
165,72021,10-08-2021,NA,NA,NA,NA,STATE,A,M,3
165,52021,12-06-2021,165285,164485,69503,163285,STATE,A,M,3
165,62021,10-07-2021,334615,333815,120853,332615,STATE,A,M,3
165,42021,18-05-2021,136496,135696,23706,134496,STATE,A,M,3
166,62021,13-07-2021,0,0,0,0,STATE,A,Q,3
167,62021,09-07-2021,0,0,0,0,CENTER,A,Q,3
168,62021,09-07-2021,0,0,0,0,STATE,A,Q,3
169,72021,10-08-2021,NA,NA,NA,NA,CENTER,A,M,3
169,42021,,423980,423180,0,421980,CENTER,A,M,3
169,62021,09-07-2021,465156,464356,0,463156,CENTER,A,M,3
169,52021,19-06-2021,148792,147992,0,146792,CENTER,A,M,3
17,62021,12-07-2021,0,0,0,0,CENTER,A,Q,1
170,72021,10-08-2021,NA,NA,NA,NA,STATE,A,M,3
170,42021,04-06-2021,0,0,0,0,STATE,A,M,3
170,62021,12-07-2021,0,0,0,0,STATE,A,M,3
170,52021,19-06-2021,0,0,0,0,STATE,A,M,3
171,62021,13-07-2021,16269,15469,0,14269,STATE,A,M,3
171,42021,02-06-2021,40440,39640,1316,38440,STATE,A,M,3
171,52021,,8727,7927,0,6727,STATE,A,M,3
172,62021,08-07-2021,0,0,0,0,CENTER,A,Q,3
173,62021,12-07-2021,24144,23344,0,22144,STATE,A,Q,3
174,52021,19-06-2021,10404,9604,0,8404,CENTER,A,M,3
174,42021,,95492,94692,0,93492,CENTER,A,M,3
174,62021,11-07-2021,264458,263658,0,262458,CENTER,A,M,3
175,52021,14-06-2021,68442,67642,0,66442,CENTER,A,M,3
175,62021,07-07-2021,23913,23113,0,21913,CENTER,A,M,3
175,42021,10-05-2021,57070,56270,0,55070,CENTER,A,M,3
176,62021,13-07-2021,0,0,37664,0,CENTER,A,Q,3
176,52021,06-06-2021,NA,NA,NA,NA,CENTER,A,Q,3
177,72021,10-08-2021,NA,NA,NA,NA,CENTER,A,Q,3
177,62021,13-07-2021,164820,164020,269898,162820,CENTER,A,Q,3
178,62021,28-07-2021,NA,NA,NA,NA,STATE,A,Q,3
179,62021,16-07-2021,86029,85229,8943,84029,STATE,A,Q,3
179,72021,07-08-2021,NA,NA,NA,NA,STATE,A,Q,3
18,62021,15-07-2021,0,0,0,0,STATE,A,Q,1
180,62021,05-08-2021,NA,NA,NA,NA,STATE,A,Q,4
181,62021,12-07-2021,0,0,0,0,STATE,A,Q,4
182,42021,,0,0,0,0,STATE,A,M,4
182,52021,24-06-2021,0,0,0,0,STATE,A,M,4
182,62021,10-07-2021,0,0,0,0,STATE,A,M,4
183,42021,,0,0,0,0,CENTER,A,M,4
183,52021,30-06-2021,0,0,0,0,CENTER,A,M,4
183,72021,02-08-2021,NA,NA,NA,NA,CENTER,A,M,4
183,62021,06-07-2021,0,0,0,0,CENTER,A,M,4
184,52021,14-06-2021,NA,NA,NA,NA,CENTER,A,Q,4
184,72021,06-08-2021,NA,NA,NA,NA,CENTER,A,Q,4
184,62021,13-07-2021,0,0,0,0,CENTER,A,Q,4
185,42021,23-06-2021,5166,4366,269325,3166,STATE,A,M,4
185,62021,15-07-2021,0,0,55399,0,STATE,A,M,4
185,52021,23-06-2021,0,0,58500,0,STATE,A,M,4
185,72021,06-08-2021,NA,NA,NA,NA,STATE,A,M,4
186,62021,11-07-2021,278895,278095,50400,276895,CENTER,A,M,4
186,52021,19-06-2021,0,0,0,0,CENTER,A,M,4
186,42021,,12270,11470,0,10270,CENTER,A,M,4
187,52021,11-06-2021,3874,3074,2962,1874,STATE,A,M,4
187,62021,,2053,1253,20190,53,STATE,A,M,4
187,42021,,0,0,0,0,STATE,A,M,4
188,52021,19-06-2021,NA,NA,NA,NA,CENTER,A,Q,4
188,62021,19-07-2021,0,0,0,0,CENTER,A,Q,4
189,62021,11-07-2021,0,0,178500,0,STATE,A,M,4
189,42021,10-05-2021,0,0,0,0,STATE,A,M,4
189,52021,04-06-2021,0,0,0,0,STATE,A,M,4
189,72021,08-08-2021,NA,NA,NA,NA,STATE,A,M,4
19,62021,13-07-2021,0,0,1800,0,STATE,A,Q,1
190,62021,13-07-2021,0,0,0,0,STATE,A,Q,4
191,42021,,0,0,0,0,STATE,A,M,4
191,72021,10-08-2021,NA,NA,NA,NA,STATE,A,M,4
191,52021,21-06-2021,60374,59574,383027,58374,STATE,A,M,4
191,62021,10-07-2021,0,0,1428858,0,STATE,A,M,4
192,72021,10-08-2021,NA,NA,NA,NA,CENTER,A,M,4
192,62021,15-07-2021,2595,1795,1980,595,CENTER,A,M,4
192,42021,15-07-2021,0,0,0,0,CENTER,A,M,4
192,52021,15-07-2021,107555,106755,0,105555,CENTER,A,M,4
193,52021,21-06-2021,0,0,0,0,CENTER,A,M,4
193,42021,03-06-2021,0,0,0,0,CENTER,A,M,4
193,62021,11-07-2021,0,0,0,0,CENTER,A,M,4
194,62021,16-07-2021,111006,110206,10637,109006,STATE,A,M,4
194,52021,24-06-2021,38415,37615,13435,36415,STATE,A,M,4
194,42021,24-05-2021,0,0,0,0,STATE,A,M,4
195,42021,,0,0,0,0,CENTER,A,M,4
195,62021,07-07-2021,0,0,0,0,CENTER,A,M,4
195,52021,,0,0,0,0,CENTER,A,M,4
195,72021,,NA,NA,NA,NA,CENTER,A,M,4
196,42021,17-05-2021,0,0,0,0,STATE,A,M,4
196,52021,14-06-2021,0,0,0,0,STATE,A,M,4
196,62021,09-07-2021,0,0,0,0,STATE,A,M,4
196,72021,07-08-2021,NA,NA,NA,NA,STATE,A,M,4
197,42021,10-05-2021,0,0,49938,0,STATE,A,M,4
197,52021,10-06-2021,0,0,22903,0,STATE,A,M,4
197,72021,10-08-2021,NA,NA,NA,NA,STATE,A,M,4
197,62021,09-07-2021,0,0,26453,0,STATE,A,M,4
198,62021,16-07-2021,0,0,142518,0,STATE,A,Q,4
199,62021,13-07-2021,445259,444459,0,443259,CENTER,A,Q,4
2,42021,12-07-2021,0,0,0,0,STATE,A,M,1
2,72021,10-08-2021,NA,NA,NA,NA,STATE,A,M,1
2,62021,12-07-2021,0,0,0,0,STATE,A,M,1
2,52021,12-07-2021,0,0,0,0,STATE,A,M,1
20,62021,12-07-2021,31451,30651,54000,29451,STATE,A,Q,1
20,52021,09-06-2021,NA,NA,NA,NA,STATE,A,Q,1
200,62021,13-07-2021,33915,33115,0,31915,STATE,A,M,4
200,72021,06-08-2021,NA,NA,NA,NA,STATE,A,M,4
200,42021,18-05-2021,0,0,1950566,0,STATE,A,M,4
200,52021,29-06-2021,12945,12145,47386,10945,STATE,A,M,4
201,42021,,14066,13266,0,12066,CENTER,A,M,4
201,52021,16-06-2021,227866,227066,173032,225866,CENTER,A,M,4
201,62021,10-07-2021,252974,252174,80100,250974,CENTER,A,M,4
202,52021,15-06-2021,0,0,0,0,STATE,A,M,4
202,42021,,0,0,0,0,STATE,A,M,4
202,62021,10-07-2021,0,0,0,0,STATE,A,M,4
203,62021,12-07-2021,0,0,0,0,STATE,A,Q,4
204,42021,,47745,46945,0,45745,CENTER,A,M,4
204,62021,20-07-2021,18495,17695,0,16495,CENTER,A,M,4
204,52021,23-06-2021,68330,67530,0,66330,CENTER,A,M,4
205,42021,,0,0,0,0,CENTER,A,M,4
205,62021,10-07-2021,0,0,0,0,CENTER,A,M,4
205,52021,25-06-2021,0,0,0,0,CENTER,A,M,4
206,62021,12-07-2021,0,0,0,0,CENTER,A,Q,4
207,52021,17-07-2021,2325,1525,113030,325,CENTER,A,M,4
207,62021,20-07-2021,0,0,0,0,CENTER,A,M,4
207,42021,,165,0,33120,0,CENTER,A,M,4
208,62021,15-07-2021,1529,729,3060,0,STATE,A,Q,4
209,62021,12-07-2021,0,0,0,0,STATE,A,Q,4
21,52021,25-06-2021,0,0,3480,0,STATE,A,M,1
21,42021,26-05-2021,0,0,0,0,STATE,A,M,1
21,62021,11-07-2021,0,0,0,0,STATE,A,M,1
210,62021,12-07-2021,0,0,39960,0,CENTER,A,Q,4
211,52021,,0,0,0,0,CENTER,A,M,4
211,42021,,0,0,0,0,CENTER,A,M,4
211,62021,09-07-2021,0,0,0,0,CENTER,A,M,4
212,62021,12-07-2021,0,0,0,0,STATE,A,Q,4
213,52021,14-06-2021,NA,NA,NA,NA,CENTER,A,Q,4
213,62021,13-07-2021,632306,631506,0,630306,CENTER,A,Q,4
214,42021,,435472,434672,0,433472,CENTER,A,M,4
214,62021,10-07-2021,317538,316738,0,315538,CENTER,A,M,4
214,72021,10-08-2021,NA,NA,NA,NA,CENTER,A,M,4
214,52021,02-06-2021,188391,187591,0,186391,CENTER,A,M,4
215,52021,30-06-2021,0,0,0,0,CENTER,A,M,4
215,42021,14-05-2021,0,0,0,0,CENTER,A,M,4
215,62021,23-07-2021,0,0,0,0,CENTER,A,M,4
216,62021,20-07-2021,7005,6205,340470,5005,CENTER,A,Q,4
217,42021,13-05-2021,0,0,0,0,STATE,A,M,4
217,52021,07-06-2021,0,0,0,0,STATE,A,M,4
217,62021,09-07-2021,0,0,0,0,STATE,A,M,4
218,62021,12-07-2021,0,0,71571,0,STATE,A,M,4
218,42021,26-05-2021,0,0,67540,0,STATE,A,M,4
218,52021,14-06-2021,0,0,6785,0,STATE,A,M,4
219,42021,10-05-2021,1245,445,0,0,CENTER,A,M,4
219,62021,09-07-2021,1245,445,0,0,CENTER,A,M,4
219,52021,08-06-2021,1245,445,0,0,CENTER,A,M,4
22,72021,07-08-2021,NA,NA,NA,NA,STATE,A,M,1
22,52021,10-06-2021,0,0,0,0,STATE,A,M,1
22,62021,07-07-2021,0,0,44448,0,STATE,A,M,1
22,42021,,0,0,0,0,STATE,A,M,1
220,62021,10-07-2021,0,0,1154,0,STATE,A,Q,4
221,62021,13-07-2021,0,0,0,0,STATE,A,Q,4
222,62021,10-07-2021,0,0,0,0,CENTER,A,Q,4
223,62021,,525,0,0,0,CENTER,A,Q,4
224,62021,19-07-2021,0,0,0,0,STATE,A,M,4
224,52021,21-06-2021,0,0,0,0,STATE,A,M,4
224,42021,21-06-2021,0,0,0,0,STATE,A,M,4
225,42021,,0,0,0,0,STATE,A,M,4
225,52021,,0,0,0,0,STATE,A,M,4
225,62021,09-07-2021,NA,NA,NA,NA,STATE,A,M,4
226,52021,05-07-2021,0,0,15318,0,STATE,A,M,4
226,62021,17-07-2021,0,0,2349,0,STATE,A,M,4
226,42021,24-05-2021,0,0,0,0,STATE,A,M,4
227,52021,11-06-2021,0,0,0,0,STATE,A,M,4
227,62021,10-07-2021,0,0,0,0,STATE,A,M,4
227,42021,28-05-2021,0,0,0,0,STATE,A,M,4
228,62021,14-07-2021,0,0,0,0,CENTER,A,Q,4
229,62021,06-07-2021,8445,7645,0,6445,STATE,A,M,4
229,42021,,107976,107176,281700,105976,STATE,A,M,4
229,72021,03-08-2021,NA,NA,NA,NA,STATE,A,M,4
229,52021,09-06-2021,144165,143365,432432,142165,STATE,A,M,4
23,62021,13-07-2021,NA,NA,NA,NA,STATE,A,M,1
23,52021,13-07-2021,NA,NA,NA,NA,STATE,A,M,1
23,42021,13-07-2021,NA,NA,NA,NA,STATE,A,M,1
230,52021,25-06-2021,0,0,0,0,CENTER,A,M,4
230,62021,13-07-2021,0,0,0,0,CENTER,A,M,4
230,42021,26-05-2021,0,0,0,0,CENTER,A,M,4
230,72021,10-08-2021,NA,NA,NA,NA,CENTER,A,M,4
231,52021,30-07-2021,0,0,0,0,CENTER,A,M,4
231,42021,30-07-2021,0,0,0,0,CENTER,A,M,4
231,62021,30-07-2021,0,0,0,0,CENTER,A,M,4
232,42021,25-05-2021,0,0,0,0,STATE,A,M,4
232,62021,10-07-2021,0,0,0,0,STATE,A,M,4
232,52021,24-06-2021,0,0,0,0,STATE,A,M,4
233,42021,,0,0,0,0,STATE,A,M,4
233,62021,02-07-2021,0,0,0,0,STATE,A,M,4
233,52021,16-06-2021,0,0,0,0,STATE,A,M,4
233,72021,07-08-2021,NA,NA,NA,NA,STATE,A,M,4
234,62021,13-07-2021,0,0,267278,0,CENTER,A,Q,4
235,72021,10-08-2021,NA,NA,NA,NA,CENTER,A,M,4
235,52021,25-06-2021,0,0,0,0,CENTER,A,M,4
235,62021,11-07-2021,0,0,0,0,CENTER,A,M,4
235,42021,14-05-2021,0,0,0,0,CENTER,A,M,4
236,62021,21-07-2021,0,0,0,0,CENTER,A,M,4
236,42021,,0,0,0,0,CENTER,A,M,4
236,52021,02-07-2021,3588,2788,0,1588,CENTER,A,M,4
237,62021,12-07-2021,0,0,306364,0,STATE,A,Q,4
238,52021,14-06-2021,345,0,0,0,STATE,A,M,4
238,72021,02-08-2021,NA,NA,NA,NA,STATE,A,M,4
238,42021,,0,0,0,0,STATE,A,M,4
238,62021,09-07-2021,345,0,0,0,STATE,A,M,4
239,62021,03-07-2021,0,0,0,0,STATE,A,M,4
239,72021,01-08-2021,NA,NA,NA,NA,STATE,A,M,4
239,42021,01-05-2021,0,0,0,0,STATE,A,M,4
239,52021,,0,0,0,0,STATE,A,M,4
24,62021,17-07-2021,115076,114276,0,113076,STATE,A,Q,1
240,42021,10-05-2021,0,0,0,0,CENTER,A,M,4
240,52021,26-06-2021,0,0,0,0,CENTER,A,M,4
240,72021,07-08-2021,NA,NA,NA,NA,CENTER,A,M,4
240,62021,10-07-2021,0,0,104721,0,CENTER,A,M,4
241,62021,02-07-2021,0,0,0,0,STATE,A,M,4
241,52021,25-06-2021,17994,17194,0,15994,STATE,A,M,4
241,42021,02-07-2021,0,0,0,0,STATE,A,M,4
241,72021,,NA,NA,NA,NA,STATE,A,M,4
242,62021,,0,0,0,0,STATE,A,Q,4
243,62021,,0,0,0,0,STATE,A,Q,4
244,62021,28-07-2021,65944,65144,4783,63944,STATE,A,Q,4
245,62021,09-07-2021,773,0,0,0,CENTER,A,M,4
245,52021,12-06-2021,0,0,0,0,CENTER,A,M,4
245,42021,07-05-2021,110,0,0,0,CENTER,A,M,4
246,52021,16-07-2021,0,0,0,0,CENTER,A,M,4
246,62021,16-07-2021,0,0,0,0,CENTER,A,M,4
246,42021,16-07-2021,0,0,0,0,CENTER,A,M,4
247,52021,17-06-2021,0,0,0,0,STATE,A,M,4
247,42021,10-05-2021,0,0,36282,0,STATE,A,M,4
247,62021,08-07-2021,0,0,0,0,STATE,A,M,4
247,72021,10-08-2021,NA,NA,NA,NA,STATE,A,M,4
248,62021,08-07-2021,0,0,0,0,STATE,A,Q,4
249,62021,08-07-2021,41968,41168,473105,39968,CENTER,A,Q,4
25,62021,13-07-2021,0,0,0,0,STATE,A,Q,1
25,42021,26-05-2021,NA,NA,NA,NA,STATE,A,Q,1
25,52021,11-06-2021,NA,NA,NA,NA,STATE,A,Q,1
250,62021,06-07-2021,0,0,0,0,STATE,A,Q,4
251,52021,10-06-2021,0,0,0,0,STATE,A,M,4
251,42021,23-05-2021,0,0,0,0,STATE,A,M,4
251,62021,10-07-2021,0,0,0,0,STATE,A,M,4
251,72021,10-08-2021,NA,NA,NA,NA,STATE,A,M,4
252,62021,21-07-2021,0,0,0,0,CENTER,A,Q,4
253,62021,14-07-2021,4953,4153,137144,2953,CENTER,A,Q,4
253,52021,15-06-2021,NA,NA,NA,NA,CENTER,A,Q,4
254,52021,02-07-2021,0,0,0,0,CENTER,A,M,4
254,62021,30-07-2021,0,0,0,0,CENTER,A,M,4
254,42021,02-07-2021,0,0,0,0,CENTER,A,M,4
255,62021,13-07-2021,0,0,0,0,CENTER,A,Q,4
256,62021,13-07-2021,0,0,12489,0,CENTER,A,Q,4
257,62021,13-07-2021,31845,31045,0,29845,STATE,A,Q,4
258,52021,26-06-2021,0,0,13824,0,STATE,A,M,4
258,42021,26-05-2021,16779,15979,52056,14779,STATE,A,M,4
258,62021,13-07-2021,22989,22189,86976,20989,STATE,A,M,4
259,62021,13-07-2021,0,0,0,0,STATE,A,Q,4
26,62021,10-07-2021,0,0,0,0,CENTER,A,Q,1
260,62021,13-07-2021,0,0,47812,0,STATE,A,Q,4
261,62021,14-07-2021,0,0,0,0,STATE,A,Q,4
262,62021,09-07-2021,0,0,1019676,0,STATE,A,M,4
262,42021,14-05-2021,96408,95608,729302,94408,STATE,A,M,4
262,52021,10-06-2021,224445,223645,0,222445,STATE,A,M,4
263,42021,23-06-2021,1065,265,6390,0,CENTER,A,M,4
263,52021,07-07-2021,0,0,0,0,CENTER,A,M,4
263,72021,10-08-2021,NA,NA,NA,NA,CENTER,A,M,4
263,62021,19-07-2021,1145,345,10550,0,CENTER,A,M,4
264,42021,,7012,6212,23650,5012,CENTER,A,M,4
264,52021,,97,0,69491,0,CENTER,A,M,4
264,62021,12-07-2021,330,0,40749,0,CENTER,A,M,4
264,72021,10-08-2021,NA,NA,NA,NA,CENTER,A,M,4
265,62021,12-07-2021,0,0,0,0,CENTER,A,Q,4
266,52021,10-06-2021,0,0,0,0,CENTER,A,M,4
266,42021,,0,0,0,0,CENTER,A,M,4
266,62021,08-07-2021,0,0,0,0,CENTER,A,M,4
267,42021,31-07-2021,57078,56278,0,55078,CENTER,A,M,4
267,52021,26-07-2021,0,0,0,0,CENTER,A,M,4
267,62021,02-08-2021,NA,NA,NA,NA,CENTER,A,M,4
268,52021,23-06-2021,4153,3353,0,2153,STATE,A,M,4
268,42021,26-05-2021,37655,36855,0,35655,STATE,A,M,4
268,62021,10-07-2021,6060,5260,0,4060,STATE,A,M,4
269,62021,12-07-2021,101670,100870,173834,99670,STATE,A,Q,4
27,42021,07-06-2021,0,0,0,0,STATE,A,M,1
27,52021,07-06-2021,97533,96733,0,95533,STATE,A,M,1
27,62021,12-07-2021,60504,59704,0,58504,STATE,A,M,1
270,42021,08-07-2021,0,0,0,0,CENTER,A,M,4
270,62021,13-07-2021,NA,NA,NA,NA,CENTER,A,M,4
270,52021,10-07-2021,0,0,0,0,CENTER,A,M,4
271,62021,11-07-2021,23658,22858,0,21658,STATE,A,M,4
271,52021,,21943,21143,0,19943,STATE,A,M,4
271,42021,16-06-2021,0,0,0,0,STATE,A,M,4
272,62021,13-07-2021,0,0,0,0,CENTER,A,Q,4
273,42021,10-05-2021,0,0,0,0,STATE,A,M,4
273,62021,09-07-2021,0,0,0,0,STATE,A,M,4
273,52021,09-06-2021,0,0,0,0,STATE,A,M,4
274,62021,13-07-2021,0,0,0,0,STATE,A,Q,4
275,42021,04-05-2021,NA,NA,NA,NA,STATE,A,Q,4
275,52021,10-06-2021,NA,NA,NA,NA,STATE,A,Q,4
275,62021,13-07-2021,0,0,0,0,STATE,A,Q,4
276,62021,12-07-2021,0,0,0,0,CENTER,A,Q,4
277,42021,22-06-2021,94457,93657,0,92457,STATE,A,M,4
277,62021,19-07-2021,NA,NA,NA,NA,STATE,A,M,4
277,52021,06-07-2021,36775,35975,0,34775,STATE,A,M,4
278,42021,09-05-2021,0,0,0,0,STATE,A,M,4
278,62021,14-07-2021,0,0,0,0,STATE,A,M,4
278,52021,,0,0,0,0,STATE,A,M,4
278,72021,06-08-2021,NA,NA,NA,NA,STATE,A,M,4
279,62021,09-07-2021,0,0,0,0,STATE,A,Q,4
28,52021,17-06-2021,0,0,10260,0,STATE,A,M,1
28,42021,,2203,1403,8190,203,STATE,A,M,1
28,62021,12-07-2021,435,0,7290,0,STATE,A,M,1
280,62021,12-07-2021,0,0,0,0,STATE,A,Q,4
281,62021,12-07-2021,0,0,0,0,STATE,A,Q,4
282,62021,14-07-2021,22813,22013,0,20813,STATE,A,Q,4
283,62021,,0,0,0,0,CENTER,A,M,4
283,42021,02-07-2021,0,0,794,0,CENTER,A,M,4
283,52021,02-07-2021,0,0,0,0,CENTER,A,M,4
284,72021,07-08-2021,NA,NA,NA,NA,STATE,A,M,4
284,42021,03-06-2021,0,0,0,0,STATE,A,M,4
284,62021,12-07-2021,6474,5674,0,4474,STATE,A,M,4
284,52021,04-06-2021,75,0,0,0,STATE,A,M,4
285,42021,28-05-2021,NA,NA,NA,NA,STATE,A,Q,4
285,52021,08-06-2021,NA,NA,NA,NA,STATE,A,Q,4
285,62021,13-07-2021,0,0,99975,0,STATE,A,Q,4
286,62021,04-07-2021,104485,103685,0,102485,STATE,A,M,4
287,62021,09-07-2021,0,0,342167,0,CENTER,A,M,4
287,72021,05-08-2021,NA,NA,NA,NA,CENTER,A,M,4
287,42021,17-05-2021,2496,1696,0,496,CENTER,A,M,4
287,52021,08-06-2021,0,0,680014,0,CENTER,A,M,4
288,42021,25-05-2021,0,0,0,0,STATE,A,M,4
288,62021,14-07-2021,0,0,0,0,STATE,A,M,4
288,52021,06-07-2021,0,0,0,0,STATE,A,M,4
289,62021,13-07-2021,8720,7920,0,6720,STATE,A,Q,4
29,42021,25-05-2021,0,0,101036,0,STATE,A,M,1
29,62021,08-07-2021,0,0,103602,0,STATE,A,M,1
29,52021,18-06-2021,0,0,0,0,STATE,A,M,1
290,42021,17-05-2021,NA,NA,NA,NA,STATE,A,Q,4
290,62021,22-07-2021,6454,5654,0,4454,STATE,A,Q,4
290,52021,17-06-2021,NA,NA,NA,NA,STATE,A,Q,4
291,62021,09-07-2021,0,0,0,0,STATE,A,M,4
292,42021,17-05-2021,0,0,0,0,STATE,A,M,4
292,52021,12-07-2021,0,0,0,0,STATE,A,M,4
292,62021,16-07-2021,0,0,0,0,STATE,A,M,4
293,72021,10-08-2021,NA,NA,NA,NA,CENTER,A,M,4
293,42021,07-05-2021,0,0,0,0,CENTER,A,M,4
293,62021,12-07-2021,0,0,0,0,CENTER,A,M,4
293,52021,07-06-2021,0,0,0,0,CENTER,A,M,4
294,52021,10-06-2021,795,0,12600,0,STATE,A,M,4
294,42021,18-05-2021,0,0,41138,0,STATE,A,M,4
294,72021,10-08-2021,NA,NA,NA,NA,STATE,A,M,4
294,62021,10-07-2021,0,0,106516,0,STATE,A,M,4
295,42021,24-05-2021,0,0,0,0,STATE,A,M,4
295,72021,10-08-2021,NA,NA,NA,NA,STATE,A,M,4
295,62021,12-07-2021,0,0,0,0,STATE,A,M,4
295,52021,11-06-2021,5686,4886,0,3686,STATE,A,M,4
296,72021,10-08-2021,NA,NA,NA,NA,STATE,A,M,4
296,62021,10-07-2021,0,0,0,0,STATE,A,M,4
297,62021,12-07-2021,0,0,69034,0,STATE,A,Q,4
298,62021,13-07-2021,0,0,0,0,CENTER,A,Q,4
299,62021,13-07-2021,8898,8098,0,6898,CENTER,A,Q,4
3,62021,19-07-2021,NA,NA,NA,NA,CENTER,A,Q,1
30,62021,13-07-2021,0,0,0,0,CENTER,A,Q,1
300,52021,25-06-2021,0,0,0,0,STATE,A,M,4
300,42021,25-06-2021,0,0,0,0,STATE,A,M,4
300,62021,15-07-2021,773,0,0,0,STATE,A,M,4
301,62021,12-07-2021,0,0,0,0,STATE,A,Q,4
302,52021,02-07-2021,0,0,0,0,CENTER,A,M,4
302,62021,13-07-2021,0,0,0,0,CENTER,A,M,4
302,42021,30-05-2021,0,0,0,0,CENTER,A,M,4
303,62021,10-07-2021,17168,16368,7652,15168,CENTER,A,Q,7
304,62021,14-07-2021,41688,40888,0,39688,STATE,A,Q,7
305,42021,09-05-2021,1990,1190,168045,0,STATE,A,M,7
305,62021,11-07-2021,1990,1190,967963,0,STATE,A,M,7
305,52021,14-06-2021,1990,1190,198879,0,STATE,A,M,7
305,72021,05-08-2021,NA,NA,NA,NA,STATE,A,M,7
306,52021,23-06-2021,NA,NA,NA,NA,STATE,A,Q,7
306,62021,13-07-2021,147078,146278,2160,145078,STATE,A,Q,7
307,42021,,0,0,0,0,STATE,A,M,7
307,52021,25-06-2021,0,0,0,0,STATE,A,M,7
307,62021,10-07-2021,0,0,0,0,STATE,A,M,7
308,72021,10-08-2021,NA,NA,NA,NA,CENTER,A,M,7
308,42021,10-05-2021,0,0,0,0,CENTER,A,M,7
308,52021,09-06-2021,0,0,0,0,CENTER,A,M,7
308,62021,09-07-2021,4305,3505,0,2305,CENTER,A,M,7
309,62021,07-07-2021,0,0,0,0,STATE,A,M,7
309,42021,06-05-2021,0,0,0,0,STATE,A,M,7
309,72021,10-08-2021,NA,NA,NA,NA,STATE,A,M,7
309,52021,19-06-2021,0,0,0,0,STATE,A,M,7
31,62021,13-07-2021,0,0,0,0,STATE,A,Q,2
310,62021,14-07-2021,47262,46462,0,45262,CENTER,A,Q,7
311,52021,28-06-2021,NA,NA,NA,NA,CENTER,A,Q,7
311,62021,13-07-2021,0,0,1631048,0,CENTER,A,Q,7
312,62021,15-07-2021,0,0,0,0,CENTER,A,Q,7
313,42021,18-05-2021,42460,41660,0,40460,STATE,A,M,7
313,52021,05-07-2021,0,0,0,0,STATE,A,M,7
313,62021,08-07-2021,683,0,0,0,STATE,A,M,7
313,72021,06-08-2021,NA,NA,NA,NA,STATE,A,M,7
314,62021,,0,0,0,0,STATE,A,Q,7
315,42021,14-06-2021,321307,320507,0,319307,STATE,A,M,7
315,62021,08-07-2021,2145,1345,0,145,STATE,A,M,7
315,52021,,5210,4410,0,3210,STATE,A,M,7
316,62021,19-07-2021,0,0,0,0,STATE,A,M,7
316,42021,07-06-2021,0,0,0,0,STATE,A,M,7
316,52021,19-07-2021,0,0,0,0,STATE,A,M,7
317,52021,14-06-2021,0,0,0,0,STATE,A,M,7
317,42021,,0,0,0,0,STATE,A,M,7
317,62021,19-07-2021,0,0,0,0,STATE,A,M,7
317,72021,05-08-2021,NA,NA,NA,NA,STATE,A,M,7
318,72021,06-08-2021,NA,NA,NA,NA,STATE,A,M,7
318,62021,10-07-2021,0,0,0,0,STATE,A,M,7
318,52021,14-06-2021,0,0,0,0,STATE,A,M,7
318,42021,,0,0,0,0,STATE,A,M,7
319,42021,27-07-2021,8724810,8724010,8872169,8722810,STATE,A,M,7
319,52021,29-07-2021,58656,57856,78310,56656,STATE,A,M,7
319,62021,29-07-2021,129441,128641,44694,127441,STATE,A,M,7
32,62021,18-07-2021,77072,76272,0,75072,STATE,A,Q,2
320,62021,16-07-2021,344279,343479,7505,342279,STATE,A,M,7
320,52021,,207149,206349,2070,205149,STATE,A,M,7
320,42021,29-05-2021,118337,117537,0,116337,STATE,A,M,7
321,52021,25-06-2021,0,0,0,0,CENTER,A,M,7
321,62021,12-07-2021,0,0,0,0,CENTER,A,M,7
321,42021,27-05-2021,0,0,0,0,CENTER,A,M,7
322,62021,23-07-2021,17230,16430,0,15230,STATE,A,M,7
322,42021,24-05-2021,17039,16239,0,15039,STATE,A,M,7
322,52021,01-07-2021,12689,11889,0,10689,STATE,A,M,7
323,62021,08-07-2021,166113,165313,0,164113,STATE,A,Q,7
324,52021,12-06-2021,NA,NA,NA,NA,CENTER,A,Q,7
324,62021,07-07-2021,0,0,0,0,CENTER,A,Q,7
324,42021,17-05-2021,NA,NA,NA,NA,CENTER,A,Q,7
325,42021,,0,0,0,0,STATE,A,M,7
326,62021,24-07-2021,0,0,0,0,STATE,A,Q,7
327,62021,09-07-2021,0,0,0,0,STATE,A,Q,7
328,62021,,13841,13041,0,11841,CENTER,A,Q,7
329,52021,21-06-2021,0,0,1961833,0,STATE,A,M,7
329,42021,,0,0,3419828,0,STATE,A,M,7
329,62021,09-07-2021,0,0,1341775,0,STATE,A,M,7
33,72021,06-08-2021,NA,NA,NA,NA,STATE,A,Q,2
33,52021,14-06-2021,NA,NA,NA,NA,STATE,A,Q,2
33,62021,03-07-2021,0,0,0,0,STATE,A,Q,2
330,42021,16-07-2021,0,0,0,0,STATE,A,M,7
330,62021,17-07-2021,0,0,0,0,STATE,A,M,7
330,52021,,0,0,0,0,STATE,A,M,7
331,62021,16-07-2021,0,0,0,0,STATE,A,M,7
331,42021,04-06-2021,0,0,0,0,STATE,A,M,7
331,52021,11-07-2021,0,0,0,0,STATE,A,M,7
332,42021,12-06-2021,0,0,0,0,CENTER,A,M,7
332,62021,22-07-2021,0,0,0,0,CENTER,A,M,7
332,52021,12-06-2021,0,0,0,0,CENTER,A,M,7
333,62021,22-07-2021,0,0,170275,0,STATE,A,Q,7
334,42021,18-05-2021,0,0,0,0,STATE,A,M,7
334,62021,09-07-2021,0,0,0,0,STATE,A,M,7
334,52021,10-06-2021,0,0,0,0,STATE,A,M,7
334,72021,10-08-2021,NA,NA,NA,NA,STATE,A,M,7
335,62021,13-07-2021,0,0,0,0,CENTER,A,Q,7
336,42021,,12190,11390,0,10190,STATE,A,M,7
336,72021,10-08-2021,NA,NA,NA,NA,STATE,A,M,7
336,62021,10-07-2021,14060,13260,0,12060,STATE,A,M,7
336,52021,,14763,13963,0,12763,STATE,A,M,7
337,62021,20-07-2021,0,0,0,0,STATE,A,Q,7
338,62021,13-07-2021,0,0,0,0,STATE,A,Q,7
339,62021,06-07-2021,0,0,0,0,STATE,A,M,7
339,52021,24-06-2021,0,0,0,0,STATE,A,M,7
339,42021,11-05-2021,0,0,0,0,STATE,A,M,7
339,72021,10-08-2021,NA,NA,NA,NA,STATE,A,M,7
34,62021,08-07-2021,0,0,0,0,STATE,A,Q,2
340,62021,13-07-2021,0,0,0,0,CENTER,A,Q,7
341,62021,13-07-2021,0,0,0,0,STATE,A,Q,7
342,62021,09-07-2021,0,0,0,0,STATE,A,Q,7
343,52021,30-06-2021,6093863,6093063,11310551,6091863,STATE,A,M,7
343,72021,05-08-2021,NA,NA,NA,NA,STATE,A,M,7
343,62021,09-07-2021,0,0,0,0,STATE,A,M,7
343,42021,30-06-2021,0,0,0,0,STATE,A,M,7
344,52021,18-06-2021,0,0,0,0,CENTER,A,M,7
344,62021,10-07-2021,0,0,0,0,CENTER,A,M,7
344,42021,,0,0,0,0,CENTER,A,M,7
345,52021,21-06-2021,0,0,0,0,CENTER,A,M,7
345,62021,15-07-2021,0,0,0,0,CENTER,A,M,7
345,42021,,0,0,0,0,CENTER,A,M,7
346,42021,07-05-2021,0,0,0,0,STATE,A,M,7
346,62021,09-07-2021,0,0,0,0,STATE,A,M,7
346,52021,21-06-2021,137,0,0,0,STATE,A,M,7
347,52021,,0,0,0,0,CENTER,A,M,7
347,42021,28-05-2021,136215,135415,0,134215,CENTER,A,M,7
347,62021,15-07-2021,10425,9625,0,8425,CENTER,A,M,7
348,62021,10-07-2021,415597,414797,0,413597,STATE,A,M,7
348,52021,10-06-2021,647117,646317,0,645117,STATE,A,M,7
348,72021,10-08-2021,NA,NA,NA,NA,STATE,A,M,7
348,42021,11-05-2021,136592,135792,0,134592,STATE,A,M,7
349,52021,12-06-2021,6106,5306,0,4106,CENTER,A,M,7
349,62021,07-07-2021,6477,5677,0,4477,CENTER,A,M,7
349,42021,24-05-2021,10238,9438,0,8238,CENTER,A,M,7
349,72021,04-08-2021,NA,NA,NA,NA,CENTER,A,M,7
35,62021,,15119,14319,0,13119,CENTER,A,M,2
35,52021,,11289,10489,0,9289,CENTER,A,M,2
35,42021,,15443,14643,0,13443,CENTER,A,M,2
350,62021,23-07-2021,0,0,3870,0,STATE,A,Q,7
351,52021,10-06-2021,0,0,0,0,STATE,A,M,7
351,62021,09-07-2021,0,0,0,0,STATE,A,M,7
351,42021,03-05-2021,0,0,0,0,STATE,A,M,7
352,42021,20-06-2021,21589,20789,0,19589,CENTER,A,M,7
352,52021,10-07-2021,1421,621,0,0,CENTER,A,M,7
352,62021,18-07-2021,25483,24683,0,23483,CENTER,A,M,7
353,62021,19-07-2021,0,0,0,0,CENTER,A,Q,7
354,62021,13-07-2021,NA,NA,NA,NA,STATE,A,Q,7
355,62021,13-07-2021,20681,19881,0,18681,STATE,A,Q,7
355,42021,26-05-2021,NA,NA,NA,NA,STATE,A,Q,7
356,62021,12-07-2021,0,0,0,0,CENTER,A,Q,7
357,42021,07-05-2021,119905,119105,0,117905,STATE,A,M,7
357,62021,12-07-2021,0,0,0,0,STATE,A,M,7
357,52021,15-06-2021,19035,18235,21240,17035,STATE,A,M,7
358,52021,25-06-2021,0,0,0,0,STATE,A,M,7
358,42021,04-06-2021,0,0,0,0,STATE,A,M,7
358,62021,11-07-2021,0,0,0,0,STATE,A,M,7
359,62021,09-07-2021,64281,63481,65325,62281,STATE,A,Q,7
36,62021,02-07-2021,0,0,0,0,CENTER,A,M,2
36,72021,05-08-2021,NA,NA,NA,NA,CENTER,A,M,2
360,62021,,0,0,0,0,STATE,A,M,7
360,72021,06-08-2021,NA,NA,NA,NA,STATE,A,M,7
360,52021,08-06-2021,0,0,0,0,STATE,A,M,7
360,42021,,0,0,0,0,STATE,A,M,7
361,62021,20-07-2021,34761,33961,993,32761,STATE,A,M,7
361,42021,04-06-2021,53170,52370,2001,51170,STATE,A,M,7
361,52021,,31898,31098,347,29898,STATE,A,M,7
362,52021,25-06-2021,NA,NA,NA,NA,STATE,A,Q,7
362,62021,08-07-2021,0,0,77107,0,STATE,A,Q,7
363,72021,05-08-2021,NA,NA,NA,NA,CENTER,A,Q,7
363,62021,10-07-2021,62179,61379,0,60179,CENTER,A,Q,7
364,52021,10-06-2021,82295,81495,0,80295,STATE,A,M,7
364,42021,,72927,72127,0,70927,STATE,A,M,7
364,62021,05-07-2021,0,0,0,0,STATE,A,M,7
364,72021,10-08-2021,NA,NA,NA,NA,STATE,A,M,7
365,62021,08-07-2021,0,0,0,0,CENTER,A,Q,7
366,62021,19-07-2021,0,0,0,0,STATE,A,Q,7
367,42021,,0,0,0,0,STATE,A,Q,7
368,42021,26-05-2021,5289,4489,49187,3289,STATE,A,M,7
368,62021,10-07-2021,0,0,45936,0,STATE,A,M,7
368,52021,,0,0,80736,0,STATE,A,M,7
369,62021,10-07-2021,0,0,0,0,STATE,A,M,7
369,42021,,0,0,0,0,STATE,A,M,7
369,52021,,0,0,0,0,STATE,A,M,7
37,62021,19-07-2021,0,0,0,0,STATE,A,Q,2
370,62021,11-07-2021,NA,NA,NA,NA,STATE,A,M,7
371,62021,12-07-2021,0,0,0,0,STATE,A,Q,7
372,62021,14-07-2021,0,0,0,0,STATE,A,Q,7
373,62021,20-07-2021,0,0,0,0,STATE,A,Q,7
374,72021,03-08-2021,NA,NA,NA,NA,CENTER,A,Q,7
374,62021,13-07-2021,0,0,0,0,CENTER,A,Q,7
375,62021,,0,0,0,0,STATE,A,Q,7
376,62021,13-07-2021,2442,1642,0,442,STATE,A,Q,7
377,52021,22-06-2021,0,0,34868,0,CENTER,A,M,7
377,72021,09-08-2021,NA,NA,NA,NA,CENTER,A,M,7
377,62021,06-07-2021,0,0,34334,0,CENTER,A,M,7
377,42021,,0,0,34868,0,CENTER,A,M,7
378,62021,13-07-2021,0,0,0,0,CENTER,A,Q,7
379,62021,09-07-2021,111531,110731,172179,109531,STATE,A,Q,7
38,42021,26-05-2021,NA,NA,NA,NA,STATE,A,Q,2
38,62021,27-07-2021,5604,4804,0,3604,STATE,A,Q,2
38,52021,17-06-2021,NA,NA,NA,NA,STATE,A,Q,2
380,62021,10-07-2021,655596,654796,0,653596,CENTER,A,M,7
380,42021,,77797,76997,0,75797,CENTER,A,M,7
380,52021,11-06-2021,442014,441214,0,440014,CENTER,A,M,7
381,62021,14-07-2021,25937,25137,0,23937,STATE,A,Q,7
382,62021,12-07-2021,132801,132001,24166,130801,STATE,A,M,7
382,72021,10-08-2021,NA,NA,NA,NA,STATE,A,M,7
382,52021,22-06-2021,51038,50238,126900,49038,STATE,A,M,7
382,42021,11-06-2021,55038,54238,180436,53038,STATE,A,M,7
383,62021,26-07-2021,0,0,0,0,STATE,A,M,7
383,52021,22-06-2021,0,0,0,0,STATE,A,M,7
383,42021,11-06-2021,0,0,0,0,STATE,A,M,7
384,42021,05-05-2021,0,0,18175,0,STATE,A,M,7
384,52021,04-06-2021,0,0,0,0,STATE,A,M,7
384,62021,08-07-2021,0,0,10723,0,STATE,A,M,7
384,72021,05-08-2021,NA,NA,NA,NA,STATE,A,M,7
385,62021,07-07-2021,0,0,0,0,STATE,A,M,7
385,42021,08-06-2021,4439,3639,0,2439,STATE,A,M,7
385,52021,11-06-2021,0,0,0,0,STATE,A,M,7
385,72021,06-08-2021,NA,NA,NA,NA,STATE,A,M,7
386,62021,10-07-2021,5475,4675,0,3475,STATE,A,M,7
386,72021,10-08-2021,NA,NA,NA,NA,STATE,A,M,7
386,52021,24-06-2021,5475,4675,0,3475,STATE,A,M,7
386,42021,19-06-2021,11467,10667,0,9467,STATE,A,M,7
387,62021,24-07-2021,13414,12614,0,11414,CENTER,A,Q,7
388,62021,16-07-2021,0,0,0,0,STATE,A,Q,11
389,52021,09-06-2021,NA,NA,NA,NA,STATE,A,Q,12
389,72021,10-08-2021,NA,NA,NA,NA,STATE,A,Q,12
389,62021,09-07-2021,0,0,52098,0,STATE,A,Q,12
39,62021,11-07-2021,112578,111778,0,110578,STATE,A,M,2
39,42021,24-05-2021,64179,63379,0,62179,STATE,A,M,2
39,52021,02-06-2021,100695,99895,0,98695,STATE,A,M,2
39,72021,06-08-2021,NA,NA,NA,NA,STATE,A,M,2
390,42021,08-07-2021,0,0,0,0,CENTER,A,M,13
390,52021,08-07-2021,0,0,0,0,CENTER,A,M,13
391,62021,09-07-2021,0,0,0,0,STATE,A,Q,14
392,62021,12-07-2021,0,0,0,0,STATE,A,Q,15
393,62021,13-07-2021,65504,64704,108000,63504,STATE,A,Q,16
394,52021,09-06-2021,0,0,0,0,CENTER,A,M,17
394,62021,09-07-2021,0,0,0,0,CENTER,A,M,17
394,72021,07-08-2021,NA,NA,NA,NA,CENTER,A,M,17
394,42021,,0,0,0,0,CENTER,A,M,17
395,62021,10-07-2021,111423,110623,17605,109423,CENTER,A,M,18
395,52021,23-06-2021,32464,31664,63833,30464,CENTER,A,M,18
395,42021,26-05-2021,36104,35304,175944,34104,CENTER,A,M,18
396,42021,,13394,12594,10687,11394,STATE,A,M,19
396,52021,21-06-2021,3165,2365,0,1165,STATE,A,M,19
396,62021,09-07-2021,0,0,6363,0,STATE,A,M,19
396,72021,10-08-2021,NA,NA,NA,NA,STATE,A,M,19
397,42021,06-05-2021,0,0,0,0,CENTER,A,M,20
397,62021,07-07-2021,0,0,0,0,CENTER,A,M,20
397,52021,04-06-2021,0,0,0,0,CENTER,A,M,20
397,72021,04-08-2021,NA,NA,NA,NA,CENTER,A,M,20
398,52021,,0,0,0,0,STATE,A,M,21
398,42021,25-05-2021,0,0,0,0,STATE,A,M,21
398,62021,16-07-2021,0,0,0,0,STATE,A,M,21
399,62021,10-07-2021,0,0,0,0,STATE,A,Q,22
4,52021,11-06-2021,69787,68987,0,67787,CENTER,A,M,1
4,62021,10-07-2021,66182,65382,0,64182,CENTER,A,M,1
4,72021,10-08-2021,NA,NA,NA,NA,CENTER,A,M,1
4,42021,09-06-2021,66339,65539,0,64339,CENTER,A,M,1
40,62021,11-07-2021,1179,379,348,0,CENTER,A,Q,2
400,62021,13-07-2021,0,0,0,0,STATE,A,Q,23
401,62021,14-07-2021,0,0,43,0,STATE,A,Q,24
402,62021,27-07-2021,949,149,0,0,STATE,A,Q,25
403,52021,20-07-2021,0,0,0,0,STATE,A,M,26
403,42021,08-07-2021,9125,8325,0,7125,STATE,A,M,26
403,62021,08-07-2021,6101,5301,0,4101,STATE,A,M,26
403,72021,10-08-2021,NA,NA,NA,NA,STATE,A,M,26
404,72021,10-08-2021,NA,NA,NA,NA,CENTER,A,M,27
404,52021,19-06-2021,70395,69595,0,68395,CENTER,A,M,27
404,62021,07-07-2021,140941,140141,0,138941,CENTER,A,M,27
404,42021,08-06-2021,0,0,0,0,CENTER,A,M,27
405,62021,,0,0,0,0,CENTER,A,M,28
405,52021,,0,0,0,0,CENTER,A,M,28
405,42021,,0,0,0,0,CENTER,A,M,28
406,62021,08-07-2021,44113,43313,0,42113,CENTER,A,M,29
406,72021,05-08-2021,NA,NA,NA,NA,CENTER,A,M,29
406,42021,07-05-2021,0,0,0,0,CENTER,A,M,29
406,52021,05-06-2021,22882,22082,276481,20882,CENTER,A,M,29
407,42021,,11258,10458,0,9258,CENTER,A,M,30
408,52021,09-06-2021,27851,27051,0,25851,STATE,A,M,31
408,62021,08-07-2021,32448,31648,0,30448,STATE,A,M,31
408,42021,18-05-2021,0,0,0,0,STATE,A,M,31
409,52021,13-07-2021,0,0,0,0,CENTER,A,M,32
409,62021,28-07-2021,0,0,0,0,CENTER,A,M,32
409,42021,08-06-2021,0,0,0,0,CENTER,A,M,32
41,62021,12-07-2021,0,0,0,0,STATE,A,Q,2
410,62021,09-07-2021,0,0,0,0,STATE,A,Q,33
411,52021,08-06-2021,NA,NA,NA,NA,STATE,A,Q,34
411,72021,10-08-2021,NA,NA,NA,NA,STATE,A,Q,34
411,62021,06-07-2021,0,0,0,0,STATE,A,Q,34
412,62021,,0,0,0,0,STATE,A,Q,35
413,62021,13-07-2021,0,0,0,0,CENTER,A,Q,36
414,52021,10-06-2021,NA,NA,NA,NA,STATE,A,Q,37
414,62021,13-07-2021,25361,24561,0,23361,STATE,A,Q,37
415,62021,13-07-2021,0,0,0,0,CENTER,A,Q,38
416,72021,08-08-2021,NA,NA,NA,NA,STATE,A,M,39
416,42021,,0,0,0,0,STATE,A,M,39
416,52021,15-06-2021,0,0,0,0,STATE,A,M,39
416,62021,07-07-2021,0,0,0,0,STATE,A,M,39
417,62021,09-07-2021,126132,125332,53112,124132,STATE,A,M,40
417,42021,,5780760,5779960,100022614,5778760,STATE,A,M,40
417,52021,,0,0,143625,0,STATE,A,M,40
418,62021,10-07-2021,0,0,0,0,CENTER,A,M,41
418,42021,,3915,3115,292065,1915,CENTER,A,M,41
418,52021,10-06-2021,0,0,154315,0,CENTER,A,M,41
419,62021,05-07-2021,0,0,0,0,CENTER,A,Q,42
42,52021,01-07-2021,276149,275349,0,274149,STATE,A,M,2
42,42021,,33510,32710,5412,31510,STATE,A,M,2
42,62021,05-08-2021,NA,NA,NA,NA,STATE,A,M,2
420,62021,15-07-2021,71816,71016,0,69816,STATE,A,Q,43
421,42021,18-05-2021,0,0,0,0,STATE,A,M,44
421,62021,13-07-2021,0,0,0,0,STATE,A,M,44
421,52021,14-06-2021,0,0,0,0,STATE,A,M,44
422,62021,10-07-2021,84374,83574,0,82374,STATE,A,Q,45
423,62021,24-07-2021,0,0,0,0,CENTER,A,Q,46
424,52021,09-06-2021,9945,9145,0,7945,STATE,A,M,47
424,42021,06-05-2021,9939,9139,0,7939,STATE,A,M,47
424,72021,06-08-2021,NA,NA,NA,NA,STATE,A,M,47
424,62021,06-07-2021,48860,48060,0,46860,STATE,A,M,47
425,42021,,0,0,0,0,STATE,A,M,48
425,52021,19-06-2021,0,0,0,0,STATE,A,M,48
425,62021,09-07-2021,0,0,0,0,STATE,A,M,48
426,72021,05-08-2021,NA,NA,NA,NA,CENTER,A,Q,49
426,62021,06-07-2021,138130,137330,0,136130,CENTER,A,Q,49
427,62021,28-07-2021,2143,1343,50400,143,CENTER,A,Q,50
43,52021,23-06-2021,0,0,0,0,STATE,A,M,2
43,72021,10-08-2021,NA,NA,NA,NA,STATE,A,M,2
43,42021,27-05-2021,0,0,0,0,STATE,A,M,2
43,62021,10-07-2021,0,0,0,0,STATE,A,M,2
44,52021,11-06-2021,0,0,0,0,STATE,A,M,2
44,72021,10-08-2021,NA,NA,NA,NA,STATE,A,M,2
44,42021,,0,0,0,0,STATE,A,M,2
44,62021,10-07-2021,0,0,0,0,STATE,A,M,2
45,62021,13-07-2021,0,0,0,0,STATE,A,Q,2
46,62021,12-07-2021,1515,715,0,0,STATE,A,Q,2
47,62021,11-07-2021,48359,47559,0,46359,STATE,A,M,2
47,42021,14-05-2021,9347,8547,0,7347,STATE,A,M,2
47,72021,10-08-2021,NA,NA,NA,NA,STATE,A,M,2
47,52021,13-06-2021,0,0,0,0,STATE,A,M,2
48,62021,12-07-2021,0,0,0,0,CENTER,A,Q,2
49,52021,19-06-2021,0,0,0,0,STATE,A,M,2
49,72021,06-08-2021,NA,NA,NA,NA,STATE,A,M,2
49,42021,19-06-2021,0,0,0,0,STATE,A,M,2
49,62021,09-07-2021,0,0,0,0,STATE,A,M,2
5,72021,04-08-2021,NA,NA,NA,NA,STATE,A,M,1
5,62021,06-07-2021,283028,282228,0,281028,STATE,A,M,1
5,42021,,315423,314623,0,313423,STATE,A,M,1
5,52021,16-06-2021,282813,282013,0,280813,STATE,A,M,1
50,62021,16-07-2021,NA,NA,NA,NA,CENTER,A,M,2
50,42021,,23903,23103,0,21903,CENTER,A,M,2
51,62021,21-07-2021,0,0,0,0,STATE,A,Q,2
52,62021,09-07-2021,266543,265743,798679,264543,CENTER,A,M,3
52,52021,11-06-2021,114019,113219,0,112019,CENTER,A,M,3
52,42021,,0,0,11255110,0,CENTER,A,M,3
52,72021,09-08-2021,NA,NA,NA,NA,CENTER,A,M,3
53,52021,18-06-2021,404653,403853,0,402653,CENTER,A,M,3
53,42021,24-05-2021,1673,873,0,0,CENTER,A,M,3
53,62021,11-07-2021,470957,470157,0,468957,CENTER,A,M,3
54,62021,08-07-2021,0,0,0,0,CENTER,A,M,3
54,42021,10-05-2021,0,0,0,0,CENTER,A,M,3
54,52021,10-06-2021,0,0,0,0,CENTER,A,M,3
55,62021,,0,0,0,0,STATE,A,M,3
55,42021,,0,0,0,0,STATE,A,M,3
55,52021,,0,0,0,0,STATE,A,M,3
56,62021,14-07-2021,0,0,0,0,STATE,A,Q,3
57,52021,17-07-2021,0,0,0,0,STATE,A,M,3
57,42021,17-07-2021,0,0,0,0,STATE,A,M,3
57,62021,17-07-2021,0,0,0,0,STATE,A,M,3
58,72021,10-08-2021,NA,NA,NA,NA,STATE,A,M,3
58,52021,15-06-2021,0,0,0,0,STATE,A,M,3
58,62021,06-07-2021,0,0,0,0,STATE,A,M,3
58,42021,15-06-2021,0,0,0,0,STATE,A,M,3
59,72021,10-08-2021,NA,NA,NA,NA,STATE,A,M,3
59,62021,09-07-2021,0,0,71739,0,STATE,A,M,3
59,52021,,0,0,4647,0,STATE,A,M,3
59,42021,26-05-2021,0,0,44165,0,STATE,A,M,3
6,52021,22-06-2021,0,0,0,0,STATE,A,M,1
6,42021,,0,0,0,0,STATE,A,M,1
6,62021,09-07-2021,0,0,0,0,STATE,A,M,1
60,42021,,0,0,0,0,CENTER,A,M,3
60,62021,09-07-2021,0,0,0,0,CENTER,A,M,3
60,72021,07-08-2021,NA,NA,NA,NA,CENTER,A,M,3
60,52021,08-06-2021,0,0,0,0,CENTER,A,M,3
61,52021,21-06-2021,0,0,540,0,STATE,A,M,3
61,42021,21-06-2021,0,0,25274,0,STATE,A,M,3
61,62021,10-07-2021,9839,9039,113220,7839,STATE,A,M,3
62,62021,13-07-2021,0,0,0,0,CENTER,A,M,3
62,52021,13-07-2021,0,0,0,0,CENTER,A,M,3
62,42021,13-07-2021,989,189,2700,0,CENTER,A,M,3
63,42021,,0,0,0,0,CENTER,A,M,3
63,52021,14-06-2021,0,0,0,0,CENTER,A,M,3
63,72021,,NA,NA,NA,NA,CENTER,A,M,3
63,62021,14-07-2021,0,0,0,0,CENTER,A,M,3
64,62021,06-07-2021,0,0,0,0,STATE,A,Q,3
65,52021,12-07-2021,0,0,0,0,CENTER,A,M,3
65,42021,18-06-2021,35445,34645,0,33445,CENTER,A,M,3
65,62021,15-07-2021,26445,25645,0,24445,CENTER,A,M,3
66,72021,10-08-2021,NA,NA,NA,NA,STATE,A,Q,3
66,62021,12-07-2021,50943,50143,0,48943,STATE,A,Q,3
67,62021,13-07-2021,0,0,0,0,CENTER,A,Q,3
68,62021,15-07-2021,0,0,0,0,STATE,A,M,3
68,52021,22-06-2021,31967,31167,0,29967,STATE,A,M,3
68,42021,31-05-2021,97399,96599,0,95399,STATE,A,M,3
69,62021,02-07-2021,0,0,0,0,STATE,A,M,3
69,42021,,0,0,0,0,STATE,A,M,3
69,72021,07-08-2021,NA,NA,NA,NA,STATE,A,M,3
69,52021,16-06-2021,0,0,0,0,STATE,A,M,3
7,62021,08-07-2021,0,0,106404,0,STATE,A,Q,1
70,52021,,0,0,0,0,CENTER,A,Q,3
70,42021,10-05-2021,0,0,0,0,CENTER,A,Q,3
70,62021,10-07-2021,0,0,0,0,CENTER,A,Q,3
71,52021,,40572,39772,0,38572,CENTER,A,M,3
71,62021,21-07-2021,106779,105979,0,104779,CENTER,A,M,3
71,42021,25-05-2021,68822,68022,0,66822,CENTER,A,M,3
72,62021,10-07-2021,0,0,27335,0,STATE,A,M,3
72,52021,,0,0,1740747,0,STATE,A,M,3
72,42021,,0,0,124276,0,STATE,A,M,3
73,72021,,NA,NA,NA,NA,STATE,A,M,3
73,42021,,0,0,0,0,STATE,A,M,3
73,52021,,0,0,0,0,STATE,A,M,3
73,62021,10-07-2021,0,0,0,0,STATE,A,M,3
74,42021,06-07-2021,2105,1305,0,105,CENTER,A,M,3
74,62021,19-07-2021,4427,3627,0,2427,CENTER,A,M,3
74,52021,10-07-2021,3541,2741,0,1541,CENTER,A,M,3
75,42021,25-05-2021,49553,48753,329,47553,STATE,A,M,3
75,62021,,85571,84771,746,83571,STATE,A,M,3
75,52021,23-06-2021,80833,80033,203,78833,STATE,A,M,3
75,72021,10-08-2021,NA,NA,NA,NA,STATE,A,M,3
76,62021,,8059,7259,3442,6059,STATE,A,M,3
76,52021,22-06-2021,6929,6129,3009,4929,STATE,A,M,3
76,42021,01-06-2021,11420,10620,3506,9420,STATE,A,M,3
77,62021,13-07-2021,3945,3145,1620,1945,STATE,A,Q,3
78,62021,06-07-2021,NA,NA,NA,NA,STATE,A,Q,3
79,52021,23-06-2021,NA,NA,NA,NA,CENTER,A,Q,3
79,62021,10-07-2021,285958,285158,0,283958,CENTER,A,Q,3
8,62021,11-07-2021,12945,12145,0,10945,STATE,A,M,1
8,42021,,330188,329388,2081993,328188,STATE,A,M,1
8,52021,16-06-2021,67187,66387,1883206,65187,STATE,A,M,1
8,72021,10-08-2021,NA,NA,NA,NA,STATE,A,M,1
80,62021,13-07-2021,0,0,77837,0,STATE,A,Q,3
81,62021,09-07-2021,19099,18299,0,17099,STATE,A,M,3
81,72021,07-08-2021,NA,NA,NA,NA,STATE,A,M,3
81,52021,23-06-2021,4893,4093,0,2893,STATE,A,M,3
81,42021,11-05-2021,2079,1279,0,79,STATE,A,M,3
82,52021,18-06-2021,2595,1795,228030,595,STATE,A,M,3
82,72021,09-08-2021,NA,NA,NA,NA,STATE,A,M,3
82,62021,09-07-2021,826,26,302913,0,STATE,A,M,3
82,42021,06-05-2021,0,0,0,0,STATE,A,M,3
83,52021,,0,0,0,0,CENTER,A,M,3
83,42021,25-05-2021,0,0,0,0,CENTER,A,M,3
83,62021,10-07-2021,0,0,0,0,CENTER,A,M,3
84,62021,13-07-2021,0,0,0,0,STATE,A,Q,3
85,52021,07-06-2021,NA,NA,NA,NA,STATE,A,Q,3
85,42021,24-05-2021,NA,NA,NA,NA,STATE,A,Q,3
85,62021,07-07-2021,0,0,0,0,STATE,A,Q,3
86,52021,21-07-2021,0,0,0,0,CENTER,A,M,3
86,42021,03-07-2021,0,0,0,0,CENTER,A,M,3
86,62021,21-07-2021,0,0,0,0,CENTER,A,M,3
87,62021,05-07-2021,0,0,0,0,STATE,A,Q,3
88,52021,19-06-2021,0,0,0,0,STATE,A,M,3
88,42021,19-06-2021,0,0,0,0,STATE,A,M,3
88,62021,22-07-2021,0,0,0,0,STATE,A,M,3
89,52021,11-06-2021,13007,12207,0,11007,CENTER,A,M,3
89,72021,06-08-2021,NA,NA,NA,NA,CENTER,A,M,3
89,42021,,13007,12207,0,11007,CENTER,A,M,3
89,62021,08-07-2021,11904,11104,0,9904,CENTER,A,M,3
9,72021,05-08-2021,NA,NA,NA,NA,STATE,A,Q,1
9,62021,13-07-2021,0,0,1214360,0,STATE,A,Q,1
9,42021,18-05-2021,NA,NA,NA,NA,STATE,A,Q,1
90,62021,10-07-2021,0,0,0,0,STATE,A,Q,3
91,42021,26-06-2021,208795,207995,0,206795,STATE,A,M,3
91,52021,26-06-2021,24644,23844,0,22644,STATE,A,M,3
91,62021,12-07-2021,8991,8191,0,6991,STATE,A,M,3
92,42021,21-06-2021,0,0,0,0,STATE,A,M,3
92,52021,22-06-2021,0,0,0,0,STATE,A,M,3
92,62021,21-07-2021,0,0,0,0,STATE,A,M,3
93,62021,14-07-2021,0,0,0,0,CENTER,A,Q,3
94,62021,12-07-2021,0,0,0,0,CENTER,A,Q,3
95,52021,10-06-2021,0,0,0,0,CENTER,A,M,3
95,42021,18-05-2021,0,0,0,0,CENTER,A,M,3
95,72021,10-08-2021,NA,NA,NA,NA,CENTER,A,M,3
95,62021,07-07-2021,0,0,0,0,CENTER,A,M,3
96,62021,06-07-2021,0,0,3744,0,STATE,A,M,3
96,72021,06-08-2021,NA,NA,NA,NA,STATE,A,M,3
96,42021,10-05-2021,0,0,6660,0,STATE,A,M,3
96,52021,07-06-2021,0,0,3888,0,STATE,A,M,3
97,62021,12-07-2021,0,0,0,0,CENTER,A,Q,3
98,62021,24-07-2021,0,0,0,0,STATE,A,Q,3
99,52021,23-06-2021,6870,6070,0,4870,STATE,A,M,3
99,62021,20-07-2021,6870,6070,0,4870,STATE,A,M,3
99,42021,23-06-2021,6870,6070,0,4870,STATE,A,M,3
